[
  {
    "name": "New York",
    "country": "United States",
    "timezone": "America/New_York",
    "coordinates": { "lat": 40.7128, "lon": -74.0060 }
  },
  {
    "name": "Los Angeles",
    "country": "United States",
    "timezone": "America/Los_Angeles",
    "coordinates": { "lat": 34.0522, "lon": -118.2437 }
  },
  {
    "name": "Chicago",
    "country": "United States",
    "timezone": "America/Chicago",
    "coordinates": { "lat": 41.8781, "lon": -87.6298 }
  },
  {
    "name": "Denver",
    "country": "United States",
    "timezone": "America/Denver",
    "coordinates": { "lat": 39.7392, "lon": -104.9903 }
  },
  {
    "name": "Phoenix",
    "country": "United States",
    "timezone": "America/Phoenix",
    "coordinates": { "lat": 33.4484, "lon": -112.0740 }
  },
  {
    "name": "Seattle",
    "country": "United States",
    "timezone": "America/Los_Angeles",
    "coordinates": { "lat": 47.6062, "lon": -122.3321 }
  },
  {
    "name": "Boston",
    "country": "United States",
    "timezone": "America/New_York",
    "coordinates": { "lat": 42.3601, "lon": -71.0589 }
  },
  {
    "name": "Miami",
    "country": "United States",
    "timezone": "America/New_York",
    "coordinates": { "lat": 25.7617, "lon": -80.1918 }
  },
  {
    "name": "Honolulu",
    "country": "United States",
    "timezone": "Pacific/Honolulu",
    "coordinates": { "lat": 21.3099, "lon": -157.8581 }
  },
  {
    "name": "Anchorage",
    "country": "United States",
    "timezone": "America/Anchorage",
    "coordinates": { "lat": 61.2181, "lon": -149.9003 }
  },
  {
    "name": "London",
    "country": "United Kingdom",
    "timezone": "Europe/London",
    "coordinates": { "lat": 51.5074, "lon": -0.1278 }
  },
  {
    "name": "Paris",
    "country": "France",
    "timezone": "Europe/Paris",
    "coordinates": { "lat": 48.8566, "lon": 2.3522 }
  },
  {
    "name": "Berlin",
    "country": "Germany",
    "timezone": "Europe/Berlin",
    "coordinates": { "lat": 52.5200, "lon": 13.4050 }
  },
  {
    "name": "Munich",
    "country": "Germany",
    "timezone": "Europe/Berlin",
    "coordinates": { "lat": 48.1351, "lon": 11.5820 }
  },
  {
    "name": "Frankfurt",
    "country": "Germany",
    "timezone": "Europe/Berlin",
    "coordinates": { "lat": 50.1109, "lon": 8.6821 }
  },
  {
    "name": "Tokyo",
    "country": "Japan",
    "timezone": "Asia/Tokyo",
    "coordinates": { "lat": 35.6762, "lon": 139.6503 }
  },
  {
    "name": "Osaka",
    "country": "Japan",
    "timezone": "Asia/Tokyo",
    "coordinates": { "lat": 34.6937, "lon": 135.5023 }
  },
  {
    "name": "Sydney",
    "country": "Australia",
    "timezone": "Australia/Sydney",
    "coordinates": { "lat": -33.8688, "lon": 151.2093 }
  },
  {
    "name": "Melbourne",
    "country": "Australia",
    "timezone": "Australia/Melbourne",
    "coordinates": { "lat": -37.8136, "lon": 144.9631 }
  },
  {
    "name": "Brisbane",
    "country": "Australia",
    "timezone": "Australia/Brisbane",
    "coordinates": { "lat": -27.4698, "lon": 153.0251 }
  },
  {
    "name": "Perth",
    "country": "Australia",
    "timezone": "Australia/Perth",
    "coordinates": { "lat": -31.9505, "lon": 115.8605 }
  },
  {
    "name": "Adelaide",
    "country": "Australia",
    "timezone": "Australia/Adelaide",
    "coordinates": { "lat": -34.9285, "lon": 138.6007 }
  },
  {
    "name": "Singapore",
    "country": "Singapore",
    "timezone": "Asia/Singapore",
    "coordinates": { "lat": 1.3521, "lon": 103.8198 }
  },
  {
    "name": "Dubai",
    "country": "United Arab Emirates",
    "timezone": "Asia/Dubai",
    "coordinates": { "lat": 25.2048, "lon": 55.2708 }
  },
  {
    "name": "Mumbai",
    "country": "India",
    "timezone": "Asia/Kolkata",
    "coordinates": { "lat": 19.0760, "lon": 72.8777 }
  },
  {
    "name": "Delhi",
    "country": "India",
    "timezone": "Asia/Kolkata",
    "coordinates": { "lat": 28.7041, "lon": 77.1025 }
  },
  {
    "name": "Bangalore",
    "country": "India",
    "timezone": "Asia/Kolkata",
    "coordinates": { "lat": 12.9716, "lon": 77.5946 }
  },
  {
    "name": "Kolkata",
    "country": "India",
    "timezone": "Asia/Kolkata",
    "coordinates": { "lat": 22.5726, "lon": 88.3639 }
  },
  {
    "name": "Kathmandu",
    "country": "Nepal",
    "timezone": "Asia/Kathmandu",
    "coordinates": { "lat": 27.7172, "lon": 85.3240 }
  },
  {
    "name": "São Paulo",
    "country": "Brazil",
    "timezone": "America/Sao_Paulo",
    "coordinates": { "lat": -23.5505, "lon": -46.6333 }
  },
  {
    "name": "Rio de Janeiro",
    "country": "Brazil",
    "timezone": "America/Sao_Paulo",
    "coordinates": { "lat": -22.9068, "lon": -43.1729 }
  },
  {
    "name": "Toronto",
    "country": "Canada",
    "timezone": "America/Toronto",
    "coordinates": { "lat": 43.6532, "lon": -79.3832 }
  },
  {
    "name": "Vancouver",
    "country": "Canada",
    "timezone": "America/Vancouver",
    "coordinates": { "lat": 49.2827, "lon": -123.1207 }
  },
  {
    "name": "Montreal",
    "country": "Canada",
    "timezone": "America/Toronto",
    "coordinates": { "lat": 45.5017, "lon": -73.5673 }
  },
  {
    "name": "Calgary",
    "country": "Canada",
    "timezone": "America/Edmonton",
    "coordinates": { "lat": 51.0447, "lon": -114.0719 }
  },
  {
    "name": "Mexico City",
    "country": "Mexico",
    "timezone": "America/Mexico_City",
    "coordinates": { "lat": 19.4326, "lon": -99.1332 }
  },
  {
    "name": "Hong Kong",
    "country": "Hong Kong",
    "timezone": "Asia/Hong_Kong",
    "coordinates": { "lat": 22.3193, "lon": 114.1694 }
  },
  {
    "name": "Shanghai",
    "country": "China",
    "timezone": "Asia/Shanghai",
    "coordinates": { "lat": 31.2304, "lon": 121.4737 }
  },
  {
    "name": "Beijing",
    "country": "China",
    "timezone": "Asia/Shanghai",
    "coordinates": { "lat": 39.9042, "lon": 116.4074 }
  },
  {
    "name": "Seoul",
    "country": "South Korea",
    "timezone": "Asia/Seoul",
    "coordinates": { "lat": 37.5665, "lon": 126.9780 }
  },
  {
    "name": "Bangkok",
    "country": "Thailand",
    "timezone": "Asia/Bangkok",
    "coordinates": { "lat": 13.7563, "lon": 100.5018 }
  },
  {
    "name": "Hanoi",
    "country": "Vietnam",
    "timezone": "Asia/Bangkok",
    "coordinates": { "lat": 21.0285, "lon": 105.8542 }
  },
  {
    "name": "Ho Chi Minh City",
    "country": "Vietnam",
    "timezone": "Asia/Bangkok",
    "coordinates": { "lat": 10.8231, "lon": 106.6297 }
  },
  {
    "name": "Jakarta",
    "country": "Indonesia",
    "timezone": "Asia/Jakarta",
    "coordinates": { "lat": -6.2088, "lon": 106.8456 }
  },
  {
    "name": "Manila",
    "country": "Philippines",
    "timezone": "Asia/Manila",
    "coordinates": { "lat": 14.5995, "lon": 120.9842 }
  },
  {
    "name": "Kuala Lumpur",
    "country": "Malaysia",
    "timezone": "Asia/Kuala_Lumpur",
    "coordinates": { "lat": 3.1390, "lon": 101.6869 }
  },
  {
    "name": "Istanbul",
    "country": "Turkey",
    "timezone": "Europe/Istanbul",
    "coordinates": { "lat": 41.0082, "lon": 28.9784 }
  },
  {
    "name": "Moscow",
    "country": "Russia",
    "timezone": "Europe/Moscow",
    "coordinates": { "lat": 55.7558, "lon": 37.6173 }
  },
  {
    "name": "St. Petersburg",
    "country": "Russia",
    "timezone": "Europe/Moscow",
    "coordinates": { "lat": 59.9311, "lon": 30.3609 }
  },
  {
    "name": "Amsterdam",
    "country": "Netherlands",
    "timezone": "Europe/Amsterdam",
    "coordinates": { "lat": 52.3676, "lon": 4.9041 }
  },
  {
    "name": "Madrid",
    "country": "Spain",
    "timezone": "Europe/Madrid",
    "coordinates": { "lat": 40.4168, "lon": -3.7038 }
  },
  {
    "name": "Barcelona",
    "country": "Spain",
    "timezone": "Europe/Madrid",
    "coordinates": { "lat": 41.3851, "lon": 2.1734 }
  },
  {
    "name": "Rome",
    "country": "Italy",
    "timezone": "Europe/Rome",
    "coordinates": { "lat": 41.9028, "lon": 12.4964 }
  },
  {
    "name": "Milan",
    "country": "Italy",
    "timezone": "Europe/Rome",
    "coordinates": { "lat": 45.4642, "lon": 9.1900 }
  },
  {
    "name": "Zurich",
    "country": "Switzerland",
    "timezone": "Europe/Zurich",
    "coordinates": { "lat": 47.3769, "lon": 8.5417 }
  },
  {
    "name": "Geneva",
    "country": "Switzerland",
    "timezone": "Europe/Zurich",
    "coordinates": { "lat": 46.2044, "lon": 6.1432 }
  },
  {
    "name": "Stockholm",
    "country": "Sweden",
    "timezone": "Europe/Stockholm",
    "coordinates": { "lat": 59.3293, "lon": 18.0686 }
  },
  {
    "name": "Copenhagen",
    "country": "Denmark",
    "timezone": "Europe/Copenhagen",
    "coordinates": { "lat": 55.6761, "lon": 12.5683 }
  },
  {
    "name": "Oslo",
    "country": "Norway",
    "timezone": "Europe/Oslo",
    "coordinates": { "lat": 59.9139, "lon": 10.7522 }
  },
  {
    "name": "Helsinki",
    "country": "Finland",
    "timezone": "Europe/Helsinki",
    "coordinates": { "lat": 60.1699, "lon": 24.9384 }
  },
  {
    "name": "Vienna",
    "country": "Austria",
    "timezone": "Europe/Vienna",
    "coordinates": { "lat": 48.2082, "lon": 16.3738 }
  },
  {
    "name": "Brussels",
    "country": "Belgium",
    "timezone": "Europe/Brussels",
    "coordinates": { "lat": 50.8503, "lon": 4.3517 }
  },
  {
    "name": "Dublin",
    "country": "Ireland",
    "timezone": "Europe/Dublin",
    "coordinates": { "lat": 53.3498, "lon": -6.2603 }
  },
  {
    "name": "Lisbon",
    "country": "Portugal",
    "timezone": "Europe/Lisbon",
    "coordinates": { "lat": 38.7223, "lon": -9.1393 }
  },
  {
    "name": "Athens",
    "country": "Greece",
    "timezone": "Europe/Athens",
    "coordinates": { "lat": 37.9838, "lon": 23.7275 }
  },
  {
    "name": "Prague",
    "country": "Czech Republic",
    "timezone": "Europe/Prague",
    "coordinates": { "lat": 50.0755, "lon": 14.4378 }
  },
  {
    "name": "Warsaw",
    "country": "Poland",
    "timezone": "Europe/Warsaw",
    "coordinates": { "lat": 52.2297, "lon": 21.0122 }
  },
  {
    "name": "Budapest",
    "country": "Hungary",
    "timezone": "Europe/Budapest",
    "coordinates": { "lat": 47.4979, "lon": 19.0402 }
  },
  {
    "name": "Bucharest",
    "country": "Romania",
    "timezone": "Europe/Bucharest",
    "coordinates": { "lat": 44.4268, "lon": 26.1025 }
  },
  {
    "name": "Kiev",
    "country": "Ukraine",
    "timezone": "Europe/Kiev",
    "coordinates": { "lat": 50.4501, "lon": 30.5234 }
  },
  {
    "name": "Cairo",
    "country": "Egypt",
    "timezone": "Africa/Cairo",
    "coordinates": { "lat": 30.0444, "lon": 31.2357 }
  },
  {
    "name": "Johannesburg",
    "country": "South Africa",
    "timezone": "Africa/Johannesburg",
    "coordinates": { "lat": -26.2041, "lon": 28.0473 }
  },
  {
    "name": "Cape Town",
    "country": "South Africa",
    "timezone": "Africa/Johannesburg",
    "coordinates": { "lat": -33.9249, "lon": 18.4241 }
  },
  {
    "name": "Lagos",
    "country": "Nigeria",
    "timezone": "Africa/Lagos",
    "coordinates": { "lat": 6.5244, "lon": 3.3792 }
  },
  {
    "name": "Nairobi",
    "country": "Kenya",
    "timezone": "Africa/Nairobi",
    "coordinates": { "lat": -1.2864, "lon": 36.8172 }
  },
  {
    "name": "Casablanca",
    "country": "Morocco",
    "timezone": "Africa/Casablanca",
    "coordinates": { "lat": 33.5731, "lon": -7.5898 }
  },
  {
    "name": "Accra",
    "country": "Ghana",
    "timezone": "Africa/Accra",
    "coordinates": { "lat": 5.6037, "lon": -0.1870 }
  },
  {
    "name": "Addis Ababa",
    "country": "Ethiopia",
    "timezone": "Africa/Addis_Ababa",
    "coordinates": { "lat": 9.0320, "lon": 38.7469 }
  },
  {
    "name": "Auckland",
    "country": "New Zealand",
    "timezone": "Pacific/Auckland",
    "coordinates": { "lat": -36.8485, "lon": 174.7633 }
  },
  {
    "name": "Wellington",
    "country": "New Zealand",
    "timezone": "Pacific/Auckland",
    "coordinates": { "lat": -41.2865, "lon": 174.7762 }
  },
  {
    "name": "Christchurch",
    "country": "New Zealand",
    "timezone": "Pacific/Auckland",
    "coordinates": { "lat": -43.5321, "lon": 172.6362 }
  },
  {
    "name": "Fiji",
    "country": "Fiji",
    "timezone": "Pacific/Fiji",
    "coordinates": { "lat": -18.1416, "lon": 178.4419 }
  },
  {
    "name": "Buenos Aires",
    "country": "Argentina",
    "timezone": "America/Argentina/Buenos_Aires",
    "coordinates": { "lat": -34.6037, "lon": -58.3816 }
  },
  {
    "name": "Santiago",
    "country": "Chile",
    "timezone": "America/Santiago",
    "coordinates": { "lat": -33.4489, "lon": -70.6693 }
  },
  {
    "name": "Lima",
    "country": "Peru",
    "timezone": "America/Lima",
    "coordinates": { "lat": -12.0464, "lon": -77.0428 }
  },
  {
    "name": "Bogotá",
    "country": "Colombia",
    "timezone": "America/Bogota",
    "coordinates": { "lat": 4.7110, "lon": -74.0721 }
  },
  {
    "name": "Caracas",
    "country": "Venezuela",
    "timezone": "America/Caracas",
    "coordinates": { "lat": 10.4806, "lon": -66.9036 }
  },
  {
    "name": "Montevideo",
    "country": "Uruguay",
    "timezone": "America/Montevideo",
    "coordinates": { "lat": -34.9011, "lon": -56.1645 }
  },
  {
    "name": "Quito",
    "country": "Ecuador",
    "timezone": "America/Guayaquil",
    "coordinates": { "lat": -0.1807, "lon": -78.4678 }
  },
  {
    "name": "Tel Aviv",
    "country": "Israel",
    "timezone": "Asia/Jerusalem",
    "coordinates": { "lat": 32.0853, "lon": 34.7818 }
  },
  {
    "name": "Jerusalem",
    "country": "Israel",
    "timezone": "Asia/Jerusalem",
    "coordinates": { "lat": 31.7683, "lon": 35.2137 }
  },
  {
    "name": "Riyadh",
    "country": "Saudi Arabia",
    "timezone": "Asia/Riyadh",
    "coordinates": { "lat": 24.7136, "lon": 46.6753 }
  },
  {
    "name": "Doha",
    "country": "Qatar",
    "timezone": "Asia/Qatar",
    "coordinates": { "lat": 25.2854, "lon": 51.5310 }
  },
  {
    "name": "Abu Dhabi",
    "country": "United Arab Emirates",
    "timezone": "Asia/Dubai",
    "coordinates": { "lat": 24.4539, "lon": 54.3773 }
  },
  {
    "name": "Kuwait City",
    "country": "Kuwait",
    "timezone": "Asia/Kuwait",
    "coordinates": { "lat": 29.3759, "lon": 47.9774 }
  },
  {
    "name": "Tehran",
    "country": "Iran",
    "timezone": "Asia/Tehran",
    "coordinates": { "lat": 35.6892, "lon": 51.3890 }
  },
  {
    "name": "Karachi",
    "country": "Pakistan",
    "timezone": "Asia/Karachi",
    "coordinates": { "lat": 24.8607, "lon": 67.0011 }
  },
  {
    "name": "Dhaka",
    "country": "Bangladesh",
    "timezone": "Asia/Dhaka",
    "coordinates": { "lat": 23.8103, "lon": 90.4125 }
  },
  {
    "name": "Colombo",
    "country": "Sri Lanka",
    "timezone": "Asia/Colombo",
    "coordinates": { "lat": 6.9271, "lon": 79.8612 }
  },
  {
    "name": "Yangon",
    "country": "Myanmar",
    "timezone": "Asia/Yangon",
    "coordinates": { "lat": 16.8661, "lon": 96.1951 }
  },
  {
    "name": "Reykjavik",
    "country": "Iceland",
    "timezone": "Atlantic/Reykjavik",
    "coordinates": { "lat": 64.1466, "lon": -21.9426 }
  },
  {
    "name": "Nuuk",
    "country": "Greenland",
    "timezone": "America/Godthab",
    "coordinates": { "lat": 64.1814, "lon": -51.6941 }
  },
  {
    "name": "Pago Pago",
    "country": "American Samoa",
    "timezone": "Pacific/Pago_Pago",
    "coordinates": { "lat": -14.2756, "lon": -170.7025 }
  },
  {
    "name": "Apia",
    "country": "Samoa",
    "timezone": "Pacific/Apia",
    "coordinates": { "lat": -13.8333, "lon": -171.7667 }
  }
]
